{"_step":9,"episode_reward":12,"epsilon":0.8301963316171974,"_timestamp":1.752756362524415e+09,"_wandb":{"runtime":3},"_runtime":3}