{"episode_reward":12,"epsilon":0.8301963316171974,"_timestamp":1.7527564222657878e+09,"_wandb":{"runtime":3},"_runtime":3,"_step":9}